series,n,min,min_date,max,max_date,mean,median,std
AUDUSD_PX_LAST,4101,0.5743,2020-03-19,1.102,2011-07-27,0.7943642526213118,0.7501,0.13338085425873106
USDCAD_PX_LAST,4101,0.9433,2011-07-21,1.4579,2016-01-19,1.2278910509631797,1.2848,0.14336634174981405
USDNOK_PX_LAST,4173,5.2454,2011-04-28,11.7051,2020-03-20,8.167224802300504,8.4051,1.7471614671865938
USDCLP_PX_LAST,3898,455.66,2011-07-28,1048.5,2022-07-14,696.6439969214981,677.485,155.19173125431675
WTI_PX_LAST,3964,-37.63,2020-04-20,123.7,2022-03-08,71.73906659939456,71.92500000000001,20.900040319969133
BRENT_PX_LAST,4131,19.33,2020-04-21,127.98,2022-03-08,77.73641733236505,75.39,23.52502920865184
IRON_PX_LAST,3269,38.15,2015-12-10,223.94,2021-05-12,98.88042520648516,98.43,33.68941656828496
COPPER_PX_LAST,4042,4331.0,2016-01-15,12558.5,2025-12-30,7478.853104898565,7319.0,1597.0533642434773
HG1_PX_LAST,3967,194.35,2016-01-15,579.5,2025-07-23,338.47556087723717,330.75,74.15995810961418
BCOM_PX_LAST,3959,59.4795,2020-03-18,175.4211,2011-04-29,106.93481715079565,101.8175,25.77210147111964
DXY_PX_LAST,3951,85.4692,2011-07-26,130.2142,2025-01-13,108.80192963806631,112.717,12.134503462524544
