series,kind,n,undefined_(price<=0),mean_%,std_%,ann_vol_%,std_incl_roll_%,skew,excess_kurt,min_%,min_date,max_%,max_date,band_%,in_band
AUDUSD_PX_LAST,fx,4100,0,-0.0074477509093702566,0.6667934867990303,10.585018451447185,,-0.20549279096815407,2.7058120823410228,-4.673823384644483,2025-04-04,3.575011591672935,2010-05-27,0.4-0.8,True
USDCAD_PX_LAST,fx,4100,0,-0.0065883620124493406,0.4777384459855842,7.583862718873917,,-0.08856671675756526,1.7830906597886358,-2.497764666789145,2010-05-20,2.151838407968281,2010-05-27,0.4-0.8,True
USDNOK_PX_LAST,fx,4172,0,-0.01339911797660673,0.7394700964632439,11.738723863264122,,-0.5025421191989865,4.284642979457281,-7.255364442100657,2020-03-18,4.0662991933789785,2020-03-24,0.4-0.8,True
USDCLP_PX_LAST,fx,3897,0,-0.014803635257062887,0.7649839331733215,12.143743464819975,,-0.0318383215841927,4.584726154163654,-4.679216150675888,2011-11-30,7.369427981169248,2022-07-15,0.4-0.8,True
WTI_PX_LAST (ex-roll),commodity,3772,2,0.0006276675388561948,2.5092451384964836,39.83303168975713,2.552795058239227,-0.47833959650073943,20.948512687480775,-28.220613671979056,2020-03-09,22.394004677646947,2020-04-30,1.5-2.5,False
BRENT_PX_LAST (ex-roll),commodity,3937,0,0.007623803429852111,2.178619947890623,34.58451950065852,2.21211536765534,-1.0096003117721595,18.83226609862761,-27.976149608285578,2020-04-21,19.077401202714054,2020-04-02,1.5-2.5,True
IRON_PX_LAST (ex-roll),commodity,3103,0,0.052983516466947704,1.2813731897340073,20.341168780210598,1.8003831195510163,0.41037967763402616,10.41377678571058,-7.79596784379443,2021-09-06,14.924857422690735,2016-03-07,1.5-2.5,False
COPPER_PX_LAST,commodity,4041,0,0.012488160670360527,1.3283187446620215,21.08640636120729,,-0.18868878504761918,2.529220827277064,-8.073955487342714,2020-03-18,6.873714069072003,2022-11-04,1.5-2.5,False
HG1_PX_LAST,commodity,3956,0,0.007921281398016823,1.4998836703156013,23.809915123091237,,-1.19006063716537,21.78556196094513,-24.905367437232783,2025-07-31,12.443710012100375,2025-07-08,1.5-2.5,False
BCOM_PX_LAST,index,3958,0,-0.00799144908539893,0.9103192936176902,14.450870787458374,,-0.43827882912159605,2.6766725213113096,-5.258621040656324,2022-03-09,4.057299405676362,2022-03-01,,
DXY_PX_LAST,index,3772,0,0.003718562686997586,0.3189296793455168,5.0628517035948635,,0.13101806173665415,3.060260266344999,-2.0885004265956106,2016-03-17,1.8964466568498275,2011-09-22,,
