pair,date,days_spanned
AUD,2016-01-27,6
CAD,2010-02-12,7
CAD,2016-01-27,6
CLP,2010-02-12,7
CLP,2010-12-29,6
CLP,2011-11-30,15
CLP,2011-12-13,13
CLP,2011-12-30,8
CLP,2012-01-18,6
CLP,2012-01-30,6
CLP,2012-03-05,25
CLP,2012-03-21,9
CLP,2012-03-30,8
CLP,2012-04-12,10
CLP,2012-04-23,7
CLP,2012-05-24,9
CLP,2012-07-09,6
CLP,2012-08-09,8
CLP,2012-08-30,7
CLP,2012-09-07,8
CLP,2012-09-14,7
CLP,2012-09-25,11
CLP,2012-10-11,9
CLP,2013-09-23,6
CLP,2015-06-15,7
CLP,2015-07-27,7
CLP,2016-01-27,6
CLP,2017-01-18,6
CLP,2020-12-29,6
CLP,2021-12-29,6
CLP,2024-09-23,6
NOK,2016-01-27,6
