pair,missing_series,n_dates
AUD,IRON_PX_LAST + IRON_FUT_CUR_GEN_TICKER,807
AUD,DXY_PX_LAST + BCOM_PX_LAST,83
AUD,DXY_PX_LAST,46
AUD,IRON_PX_LAST + DXY_PX_LAST + BCOM_PX_LAST + IRON_FUT_CUR_GEN_TICKER,37
AUD,AUDUSD_PX_LAST + BCOM_PX_LAST,36
AUD,AUDUSD_PX_LAST + DXY_PX_LAST + BCOM_PX_LAST,35
AUD,IRON_PX_LAST,31
AUD,IRON_PX_LAST + DXY_PX_LAST + IRON_FUT_CUR_GEN_TICKER,14
AUD,IRON_PX_LAST + DXY_PX_LAST + BCOM_PX_LAST,8
AUD,BCOM_PX_LAST,8
AUD,IRON_PX_LAST + BCOM_PX_LAST + IRON_FUT_CUR_GEN_TICKER,4
AUD,IRON_PX_LAST + BCOM_PX_LAST,4
AUD,AUDUSD_PX_LAST,2
CAD,WTI_PX_LAST + DXY_PX_LAST + BCOM_PX_LAST + WTI_FUT_CUR_GEN_TICKER,128
CAD,DXY_PX_LAST,60
CAD,USDCAD_PX_LAST + WTI_PX_LAST + BCOM_PX_LAST,33
CAD,USDCAD_PX_LAST + WTI_PX_LAST + DXY_PX_LAST + BCOM_PX_LAST,33
CAD,WTI_PX_LAST + BCOM_PX_LAST + WTI_FUT_CUR_GEN_TICKER,14
CAD,USDCAD_PX_LAST + BCOM_PX_LAST,3
CAD,BCOM_PX_LAST,2
CAD,USDCAD_PX_LAST,2
CLP,USDCLP_PX_LAST,228
CLP,DXY_PX_LAST + BCOM_PX_LAST + HG1_PX_LAST,116
CLP,COPPER_PX_LAST,69
CLP,DXY_PX_LAST,49
CLP,BCOM_PX_LAST + HG1_PX_LAST,29
CLP,COPPER_PX_LAST + DXY_PX_LAST + BCOM_PX_LAST + HG1_PX_LAST,25
CLP,USDCLP_PX_LAST + COPPER_PX_LAST + DXY_PX_LAST + BCOM_PX_LAST + HG1_PX_LAST,17
CLP,USDCLP_PX_LAST + COPPER_PX_LAST + BCOM_PX_LAST + HG1_PX_LAST,11
CLP,USDCLP_PX_LAST + DXY_PX_LAST,10
CLP,BCOM_PX_LAST,6
CLP,USDCLP_PX_LAST + DXY_PX_LAST + BCOM_PX_LAST + HG1_PX_LAST,4
CLP,COPPER_PX_LAST + BCOM_PX_LAST + HG1_PX_LAST,3
CLP,USDCLP_PX_LAST + COPPER_PX_LAST,3
CLP,COPPER_PX_LAST + DXY_PX_LAST,1
CLP,USDCLP_PX_LAST + COPPER_PX_LAST + BCOM_PX_LAST,1
CLP,COPPER_PX_LAST + BCOM_PX_LAST,1
CLP,USDCLP_PX_LAST + BCOM_PX_LAST + HG1_PX_LAST,1
NOK,DXY_PX_LAST + BCOM_PX_LAST,135
NOK,DXY_PX_LAST,60
NOK,BCOM_PX_LAST,36
NOK,BRENT_PX_LAST + DXY_PX_LAST + BCOM_PX_LAST + BRENT_FUT_CUR_GEN_TICKER,26
NOK,BRENT_PX_LAST + BCOM_PX_LAST + BRENT_FUT_CUR_GEN_TICKER,16
NOK,BRENT_FUT_CUR_GEN_TICKER,1
NOK,DXY_PX_LAST + BCOM_PX_LAST + BRENT_FUT_CUR_GEN_TICKER,1
NOK,USDNOK_PX_LAST + BRENT_PX_LAST + DXY_PX_LAST + BCOM_PX_LAST + BRENT_FUT_CUR_GEN_TICKER,1
